clave	nombre	adscripcion
41 - 2387	ALDANA BALDERAS GUILLERMO ALEJANDRO	ADMINISTRATIVO-OFICINAS CENTRALES
88 - 2340	AMADOR HERNÁNDEZ MARTÍN	DISEÑADOR GRÁFICO-OFICINAS CENTRALES
51 - 3	ASCENCIO GONZAGA JENNY EDITH	ADMINISTRATIVO-OFICINAS CENTRALES
67 - 2727	BERNAL FERREYRA LUIS ANGEL	ADMINISTRATIVO-OFICINAS CENTRALES
60 - 503	BERNAL HERNÁNDEZ JUDITH	ADMINISTRATIVO-OFICINAS CENTRALES
19 - 2239	CAMACHO CRUZ DAISI	ADMINISTRATIVO-OFICINAS CENTRALES
71 - 2536	CASASOLA PARDIÑAS MABEL	ADMINISTRATIVO-OFICINAS CENTRALES
53 - 2150	CHÁVEZ SERRANO JIMENA	ADMINISTRATIVO-OFICINAS CENTRALES
31 - 19	COLÍN CUERO ESPERANZA	ADMINISTRATIVO-OFICINAS CENTRALES
105 - 1449	COVARRUBIAS SERAFÍN SELENE	ADMINISTRATIVO-OFICINAS CENTRALES
94 - 2233	CUADROS DE JESÚS OSCAR	ADMINISTRATIVO-OFICINAS CENTRALES
110 - 1347	DE JESÚS LÓPEZ MARÍA DEL SOCORRO	ADMINISTRATIVO-OFICINAS CENTRALES
30 - 2454	ENCISO SALINAS ENID ZULIVETTE	ADMINISTRATIVO-OFICINAS CENTRALES
93 - 1704	ENRIQUEZ MONTES DE OCA OMAR	ADMINISTRATIVO-OFICINAS CENTRALES
84 - 2135	ESQUIVEL CAMACHO MARÍA INÉS	ADMINISTRATIVO-OFICINAS CENTRALES
49 - 1397	FELIX SANTANA JAZMÍN IMELDA	ADMINISTRATIVO-OFICINAS CENTRALES
35 - 1276	FERNÁNDEZ CASTILLO FRANCISCA	ADMINISTRATIVO-OFICINAS CENTRALES
64 - 380	GARCÍA CALVO LAURA BEATRIZ	ADMINISTRATIVO-OFICINAS CENTRALES
24 -2498	GARCÍA ELIZONDO EDITH	ADMINISTRATIVO-OFICINAS CENTRALES
92 - 1855	GARCÍA ESPINOSA NOEMÍ	ADMINISTRATIVO-OFICINAS CENTRALES
106 - 2190	GARCÍA LÓPEZ SERGIO URIEL	ADMINISTRATIVO-OFICINAS CENTRALES
29 - 1430	GÓMEZ CANO EMMANUEL ELI	ADMINISTRATIVO-OFICINAS CENTRALES
72 - 2576	GÓMEZ CONTRERAS MAGALY KENIA	ADMINISTRATIVO-OFICINAS CENTRALES
102 - 2541	GÓMEZ HERNÁNDEZ SANDRA ANAHI	ADMINISTRATIVO-OFICINAS CENTRALES
69 - 34	GONZÁLEZ FLORES LUZ MARÍA	ADMINISTRATIVO-OFICINAS CENTRALES
111 - 444	GONZÁLEZ ROSAS TERESA	ADMINISTRATIVO-OFICINAS CENTRALES
21 - 1680	GUTIÉRREZ NAJERA DIANA MARGARITA	ADMINISTRATIVO-OFICINAS CENTRALES
95 - 1760	GUTIÉRREZ TORRES REYNA ALMANURI	ADMINISTRATIVO-OFICINAS CENTRALES
123-2771	HERAS GARCÍA EDITH	ADMINISTRATIVO-OFICINAS CENTRALES
85 - 2547	HERNÁNDEZ ÁLVAREZ MARÍA LIDIA	ADMINISTRATIVO-OFICINAS CENTRALES
100 - 1905	HERNÁNDEZ FLORES MARÍA DEL ROSARIO	ADMINISTRATIVO-OFICINAS CENTRALES
23 - 2717	HERNÁNDEZ GARCÍA EDGAR	ADMINISTRATIVO-OFICINAS CENTRALES
42 - 2675	JIMENÉZ AGUILAR HÉCTOR	ADMINISTRATIVO-OFICINAS CENTRALES
76 - 2351	LANDA VALLEJO MARÍA  CONCEPCIÓN	FOTÓGRAFA-OFICINAS CENTRALES
66 - 140	LARA GUTIÉRREZ LETICIA	ADMINISTRATIVO-OFICINAS CENTRALES
34 - 1450	LARA VILLA  FERMINA	ADMINISTRATIVO-OFICINAS CENTRALES
81 - 48	LÓPEZ COLÍN MARÍA ECLISERIA	ADMINISTRATIVO-OFICINAS CENTRALES
108 - 2460	MADERO SANCHEZ SILVIA SUSANA	ADMINISTRATIVO-OFICINAS CENTRALES
109 - 1678	MARQUEZ ESQUIVEL SINDY ELIZABETH	ADMINISTRATIVO-OFICINAS CENTRALES
75 - 53	MAZA GUTIÉRREZ MARGARITA	ADMINISTRATIVO-OFICINAS CENTRALES
47 - 968	MEDINA AGUIRRE IRMA LEONOR	ADMINISTRATIVO-OFICINAS CENTRALES
37 - 112	MENDOZA GARCÍA GABRIELA	ADMINISTRATIVO-OFICINAS CENTRALES
56 - 1806	MENDOZA GARCÍA  JOSÉ ÁNGEL	ADMINISTRATIVO-OFICINAS CENTRALES
89 - 2368	MONROY MERCADO MAYTE	ADMINISTRATIVO-OFICINAS CENTRALES
103 - 1254	MONTERRUBIO NAVARRO SANDRA YAZMÍN	ADMINISTRATIVO-OFICINAS CENTRALES
87 - 2690	MUCIÑO GARCÍA MARLEM	ADMINISTRATIVO-OFICINAS CENTRALES
25 - 2210	NAVARRO REYES EDUARDO	ADMINISTRATIVO-OFICINAS CENTRALES
36 - 1525	NEGRETE RODEA FRANCISCO	CONTADOR-OFICINAS CENTRALES
20 - 2691	NOGUEZ JARDON DAVID	ADMINISTRATIVO-OFICINAS CENTRALES
16 - 517	OLIN MARTÍNEZ MARÍA DEL CARMEN	ADMINISTRATIVO-OFICINAS CENTRALES
120 - 2761	OLIVAR REYES MARIA FERNANDA	ADMINISTRATIVO-OFICINAS CENTRALES
115 - 1140	OROZCO VILLALVA YADIRA	ADMINISTRATIVO-OFICINAS CENTRALES
62 - 2178	ORTÍZ BECERRIL KARINA YADIRA	ADMINISTRATIVO-OFICINAS CENTRALES
8 - 1432	PARRA MANCILLA ANGELA	ADMINISTRATIVO-OFICINAS CENTRALES
2 - 2089	PAVÓN SEVILLA ADRIÁN ISIDRO	ADMINISTRATIVO-OFICINAS CENTRALES
32 - 2489	PÉREZ AGUILAR FABIOLA	ADMINISTRATIVO-OFICINAS CENTRALES
6 - 2346	PÉREZ NAJERA ALFONSO	ADMINISTRATIVO-OFICINAS CENTRALES
104 - 2130	REYES MENDOZA SAÚL	ADMINISTRATIVO-OFICINAS CENTRALES
98 - 1102	RODRÍGUEZ CAMACHO ROCÍO KARINA	ADMINISTRATIVO-OFICINAS CENTRALES
57 - 71	RODRÍGUEZ MARTÍNEZ JOSÉ REYES	ADMINISTRATIVO-OFICINAS CENTRALES
61 - 73	ROJAS CARBAJAL JUDITH	ADMINISTRATIVO-OFICINAS CENTRALES
7 - 1681	ROJAS MORENO ANA GABRIELA	ADMINISTRATIVO-OFICINAS CENTRALES
15 - 2187	RUEDA GONZÁLEZ CARLOS DANIEL	ADMINISTRATIVO-OFICINAS CENTRALES
116 - 1957	SALCEDO AGUILAR YAZMÍN	ADMINISTRATIVO-OFICINAS CENTRALES
26 - 502	SÁNCHEZ ESTRADA ELIZABETH ROCÍO	ADMINISTRATIVO-OFICINAS CENTRALES
38 - 2133	SÁNCHEZ HERNÁNDEZ GLORIA	ADMINISTRATIVO-OFICINAS CENTRALES
107 - 76	SÁNCHEZ QUINTERO SILVIA	ADMINISTRATIVO-OFICINAS CENTRALES
50 - 1440	SOTO SALDIVAR JAZMÍN	ADMINISTRATIVO-OFICINAS CENTRALES
113 - 2118	TAPIA FLORES VIOLETA MARISELA	ADMINISTRATIVO-OFICINAS CENTRALES
101 - 1762	TORRES ROMERO MARÍA DEL ROSARIO	ADMINISTRATIVO-OFICINAS CENTRALES
86 - 1399	TOURRAL GARCÍA MARÍA MERCEDES	ADMINISTRATIVO-OFICINAS CENTRALES
18 - 1283	VALDÉS BARRERA CAROLINA	ADMINISTRATIVO-OFICINAS CENTRALES
118 - 82	VALLEJO HERNÁNDEZ MARÍA DEL ROCÍO	ADMINISTRATIVO-OFICINAS CENTRALES
22 - 2237	VELÁZQUEZ VÁZQUEZ DULCE	ADMINISTRATIVO-OFICINAS CENTRALES
78 - 87	VENCES PACHECO MARÍA DE LA LUZ	ADMINISTRATIVO-OFICINAS CENTRALES
17 - 88	VERA COATZIN MARÍA DEL CARMEN	ADMINISTRATIVO-OFICINAS CENTRALES
77 - 1764	VICTORIA REYES MARÍA DE JESÚS	ADMINISTRATIVO-OFICINAS CENTRALES
63 - 2197	VIDAL LÓPEZ KARLA CECILIA	ADMINISTRATIVO-OFICINAS CENTRALES
58 - 1337	VILLEGAS MAYA JUAN JOSÉ	ADMINISTRATIVO-OFICINAS CENTRALES
131-2715	ZARZA CÁRDENAS JAZMIN GISELLE	ADMINISTRATIVO-OFICINAS CENTRALES
28 - 2188	ALFARO SORIANO EMMANUEL	INTENDENTE-OFICINAS CENTRALES
43 - 2111	ANGELES SANCHEZ HONORATO	INTENDENTE-OFICINAS CENTRALES
27 - 2232	CARBAJAL CASAS ELVIA LETICIA LILIANA	INTENDENTE-OFICINAS CENTRALES
10 - 2575	FERREYRA BARRIENTOS BEATRIZ DEYANIRA	INTENDENTE-OFICINAS CENTRALES
40 - 26	FLORES ROMERO GUILLERMINA	INTENDENTE-OFICINAS CENTRALES
114 - 2537	GARCIA CORDOVA VIRIDIANA MARIA ISABEL	INTENDENTE-OFICINAS CENTRALES
44 - 1602	GARCIA LOPEZ IGNACIA	INTENDENTE-OFICINAS CENTRALES
70 - 2424	GARCIA LUJANO MA LUISA	INTENDENTE-OFICINAS CENTRALES
90 - 1278	GIL MARTINEZ MERCEDES	INTENDENTE-OFICINAS CENTRALES
82 - 33	GOMEZ GOMEZ MARIA GEORGINA	INTENDENTE-OFICINAS CENTRALES
54 - 2192	LOPEZ ROMERO JORGE	INTENDENTE-OFICINAS CENTRALES
91 - 2160	MARTINEZ BERNAL NANCY BEATRIZ	INTENDENTE-OFICINAS CENTRALES
33 - 628	MIRANDA FLORES FANNY BERENICE	INTENDENTE-OFICINAS CENTRALES
79 - 2538	NAVA GONZALEZ MARIA DE LOS ANGELES ALHELI	INTENDENTE-OFICINAS CENTRALES
45 - 1277	RAMIREZ LOPEZ IMELDA	INTENDENTE-OFICINAS CENTRALES
73 - 2204	REYES LOPEZ MARCELINA	INTENDENTE-OFICINAS CENTRALES
46 - 1218	RIVERA LOPEZ IRACEL	INTENDENTE-OFICINAS CENTRALES
80 - 2375	TEMAHUAYA CHIGORA MARIA DOLORES	INTENDENTE-OFICINAS CENTRALES
12 - 2449	URBANO MUNGUIA BERNARDO	INTENDENTE-OFICINAS CENTRALES
127 - 2529	RUIZ VAZQUEZ ANGEL SAUL	INTENDENTE-OFICINAS CENTRALES
117 - 2728	BORJA CARRASCO YURI EDUARDO	VIGILANTE-OFICINAS CENTRALES
112 - 2384	DIAZ JIMENEZ VICTOR MANUEL	VIGILANTE-OFICINAS CENTRALES
119 - 2669	FLORES ALVAREZ MARIO ALBERTO	VIGILANTE-OFICINAS CENTRALES
129 - 2660	FLORES HERNÁNDEZ ERNESTO	VIGILANTE-OFICINAS CENTRALES
5 - 2381	MARTINEZ CELAYA ALEJANDRO	VIGILANTE-OFICINAS CENTRALES
65 - 2385	MONTOYA VASQUEZ LEONARDO DANIEL	VIGILANTE-OFICINAS CENTRALES
1 - 2743	NAVARRO SÁNCHEZ ABRAHAM	VIGILANTE-OFICINAS CENTRALES
3 - 2196	NAVIDAD ORTIZ ADRIAN	VIGILANTE-OFICINAS CENTRALES
13 - 2186	ROJAS VAZQUEZ CARLOS ALBERTO	VIGILANTE-OFICINAS CENTRALES
74 - 1902	ROMERO ALCANTARA MARCO ANTONIO	VIGILANTE-OFICINAS CENTRALES
130 - 2292	SÁNCHEZ GARCÍA LEONARDO	VIGILANTE-OFICINAS CENTRALES
2784	TORRES RETANA JONATHAN OMAR	VIGILANTE-OFICINAS CENTRALES
126 - 2776	TRUJILLO CORNEJO ANTONIO EMILIO	VIGILANTE-OFICINAS CENTRALES
48-1928	RODRIGUEZ CRUZ IVAN	VIGILANTE-OFICINAS CENTRALES
4-2273	LUGO ROSAS MARIANA	INTENDENTE-CASA SINDICAL REGIÓN 2
3	MENDOZA NOLASCO MICHELLE ABRIL	ADMINISTRATIVO-CASA SINDICAL REGIÓN 2
8-2546	ZAMORA HERNANDEZ MIGUEL ANGEL	VELADOR-CASA SINDICAL REGIÓN 2
2-879	CHAVEZ DEL HORNO TERESA	ADMINISTRATIVO-CASA SINDICAL REGIÓN 3
6	FRANCO CRUZ ANGEL GABRIEL	VIGILANTE-CASA SINDICAL REGIÓN 3
1-1159	GARCIA MONZON BEATRIZ ADRIANA	ADMINISTRATIVO-CASA SINDICAL REGIÓN 3
5-1157	GONZALEZ ESPINOSA JOSE CANDELARIO	VELADOR-CASA SINDICAL REGIÓN 3
4-2439	GRANCIANO SALINAS LUIS ALBERTO	VIGILANTE-CASA SINDICAL REGIÓN 3
12	HERRERA ALVAREZ OSCAR RICARDO	INTENDENTE-CASA SINDICAL REGIÓN 3
3-1086	ARREDONDO MARTINEZ ANGEL	VELADOR-CASA SINDICAL REGIÓN 4
1-1006	MUÑOZ RAMIREZ LAURA NAYELI	ADMINISTRATIVO-CASA SINDICAL REGIÓN 4
2-2364	SANTIBAÑEZ MARIANO ARACELI	INTENDENTE-CASA SINDICAL REGIÓN 4
3-1377	CANSECO LOPEZ VERONICA	ADMINISTRATIVO-CASA SINDICAL REGIÓN 5 PIRAMIDES
4-2573	HERNANDEZ MONROY ANDOR	INTENDENTE-CASA SINDICAL REGIÓN 5 PIRAMIDES
	CERVANTES AGUILAR ERICK ARNULFO	SEGURIDAD-CASA SINDICAL REGIÓN 5 PIRAMIDES
1-367	DOMINGUEZ VARGAS MARGARITO	INTENDENTE-CASA SINDICAL REGIÓN 5 ZUMPANGO
	RAMIREZ REYES ARACELI	ADMINISTRATIVO-CASA SINDICAL REGIÓN 5 ZUMPANGO
3-369	TELLEZ LOPEZ FERNANDO LORETO	VELADOR-CASA SINDICAL REGIÓN 5 ZUMPANGO
3-1989	CARRILLO VALENCIA DIANA	INTENDENTE-CASA SINDICAL REGIÓN 6
9-2488	FLORES MONTIEL RAFAEL EDGAR	VIGILANTE-CASA SINDICAL REGIÓN 6
4-653	MENDOZA PLATA EVA	ADMINISTRATIVO-CASA SINDICAL REGIÓN 6
3-1611	AREVALO SILES DELIA	ADMINISTRATIVO-CASA SINDICAL REGIÓN 7 IXTAPALUCA
10-2281	GOMEZ RUIZ JUAN	VELADOR-CASA SINDICAL REGIÓN 7 IXTAPALUCA
9-2276	MENDOZA RAMIREZ MACRINO	VIGILANTE-CASA SINDICAL REGIÓN 7 IXTAPALUCA
4-2456	MUÑIZ VALLADOS ELSA ALEJANDRA	ADMINISTRATIVO-CASA SINDICAL REGIÓN 7 IXTAPALUCA
5-1650	ROMERO MARTINEZ LUIS ALBERTO	INTENDENTE-CASA SINDICAL REGIÓN 7 IXTAPALUCA
6-2459	VILLEGAS MARTINEZ YADIRA AIDE	INTENDENTE-CASA SINDICAL REGIÓN 7 IXTAPALUCA
4-919	ALARCON RODRIGUEZ ANA LILIA	ADMINISTRATIVO-CASA SINDICAL REGIÓN 7 LOS REYES
6-2331	DE LA CRUZ RUIZ ISAIAS REYES	VELADOR-CASA SINDICAL REGIÓN 7 LOS REYES
3-2363	GARCIA SEGUNDO BLANCA	ADMINISTRATIVO-CASA SINDICAL REGIÓN 7 LOS REYES
5-2323	ROMERO MARTINEZ JACINTO	INTENDENTE-CASA SINDICAL REGIÓN 7 LOS REYES
5-1854	FLORES ORTEGA MARIA JOSEFA	INTENDENTE-CASA SINDICAL REGIÓN 8
3-1744	GARCIA MURILLO MARIANA ZIRAHUEN	ADMINISTRATIVO-CASA SINDICAL REGIÓN 8
6-1935	GARCIA ROMERO MIGUEL ANGEL	INTENDENTE-CASA SINDICAL REGIÓN 8
4-66	REYES SANCHEZ MA. DEL CARMEN	ADMINIOSTRATIVO-CASA SINDICAL REGIÓN 8
11-1007	ZUÑIGA SANTOS GERARDO	VELADOR-CASA SINDICAL REGIÓN 8
9-2451	GOMEZ MARTINEZ HUGO	VELADOR-CASA SINDICAL REGIÓN 9
3-859	GRANADOS PEREZ RAFAEL	INTENDENTE-CASA SINDICAL REGIÓN 9
4-1500	LAGUNAS REYES ESTELA MAXIMINA	ADMINISTRATIVO-CASA SINDICAL REGIÓN 9
2-1319	BARRIOS GARCIA MARIA DE JESUS	ADMINISTRATIVO-CASA SINDICAL REGIÓN 10
3-478	RODRIGUEZ CRUZ EVA	INTENDENCIA-CASA SINDICAL REGIÓN 10
4-1016	VALENCIA MANUEL ERNESTO	VELADOR-CASA SINDICAL REGIÓN 10
3-443	AYALA GOMEZ GUADALUPE	INTENDENTE-CASA SINDICAL REGIÓN 11
2-658	GARCIA SOTELO DALIA SILVANA	ADMINISTRATIVO-CASA SINDICAL REGIÓN 11
3	BAUTISTA SANDOVAL TERESA	SECRETARIA-CASA SINDICAL REGIÓN 12
2-2543	SILVERIO HERNANDEZ JUAN	VELADOR-CASA SINDICAL REGIÓN 12
1-2441	SOUSA MEDINA FERNANDO	INTENDENTE-CASA SINDICAL REGIÓN 12
13-2251	AGUILAR SÁNCHEZ JESÚS	VELADOR-CASA SINDICAL REGIÓN 13
3-1458	JIMÉNEZ MARTÍNEZ HECTOR	INTENDENTE-CASA SINDICAL REGIÓN 13
2-2549	ZAVALA SALINAS LAURA	ADMINISTRATIVO-CASA SINDICAL REGIÓN 13
	CONTRERAS HUERTA HIRAM ADDIEEL	INTENDENTE-CASA SINDICAL REGIÓN 14
4	ESPINOSA HERNÁNDEZ IRSA KAREN	ADMINISTRATIVO-CASA SINDICAL REGIÓN 14
11	GUERRERO GALICIA EDUARDO	SEGURIDAD-CASA SINDICAL REGIÓN 14
3-2372	HERNANDEZ VAZQUEZ BRENDA MARIA	ADMINISTRATIVO-CASA SINDICAL REGIÓN 14
6	HERNÁNDEZ ZAVALA KEVIN ALI	SEGURIDAD-CASA SINDICAL REGIÓN 14
7	PÉREZ ALVARADO AFONSO	INTENDENTE-CASA SINDICAL REGIÓN 14
10-2668	ALVARADO GONZÁLEZ EDWIN	SEGURIDAD-AUDITORIO "PROF. AGRIPIN GARCÍA ESTRADA"
16-2565	FLORES GONZÁLEZ FRANCISCO	SEGURIDAD-AUDITORIO "PROF. AGRIPIN GARCÍA ESTRADA"
4-2088	GARDUÑO MARTÍNEZ MARIO	INTENDENTE-AUDITORIO "PROF. AGRIPIN GARCÍA ESTRADA"
5-1965	GONZÁLEZ MARTÍNEZ HERMELINDA	INTENDENTE-AUDITORIO "PROF. AGRIPIN GARCÍA ESTRADA"
6-1765	RAMÍREZ AGUILAR SERAFIN	INTENDENTE-AUDITORIO "PROF. AGRIPIN GARCÍA ESTRADA"
3-2193	TORRES AVILES ISAARY EVELYN	ADMINISTRATIVO-*AUDITORIO "PROF. AGRIPIN GARCÍA ESTRADA"
7-2220	VILLAFUERTE GARCÍA JOSÉ LUIS	INTENDENTE-AUDITORIO "PROF. AGRIPIN GARCÍA ESTRADA"
7-2531	GARCIA GARCIA JORGE ENRIQUE	VIGILANTE-AUDITORIO VALLE DE MÉXICO
3-2371	HERNANDEZ LOPEZ LAURA	INTENDENTE-AUDITORIO VALLE DE MÉXICO
10-	RODRIGUEZ HERNANDEZ JUANA MARIA	INTENDENTE-AUDITORIO VALLE DE MÉXICO
8-2324	RUIZ BENITEZ MIGUEL	VELADOR-AUDITORIO VALLE DE MÉXICO
3-2478	CORIA CHAVEZ GUSTAVO ADOLFO	VIGILANTE-CASA MAGISTERIO SAN PABLO
2-2373	LOPEZ PARRA DANIEL	VIGILANTE-CASA MAGISTERIO SAN PABLO
1-2049	MARTINEZ GALEANA ESTHER	INTENDENTE-CASA MAGISTERIO SAN PABLO
1-2388	AZOTEA MENDOZA YOBANI	INTENDENTE-CASA DE HOSPEDAJE SANTA MARIA DE LAS ROSAS
	FLORES MARQUEZ JESÚS	VIGILANTE-CASA DE HOSPEDAJE SANTA MARIA DE LAS ROSAS
2-2216	CRUZ VALENCIA MA. IRENE	INTENDENTE-CASA DE HOSPEDAJE SANTA MARIA DE LAS ROSAS
55 - 1085	GONZALEZ BENITEZ JOSE ALFREDO	VIGILANTE-CASA DE HOSPEDAJE SANTA MARIA DE LAS ROSAS
4-2062	RODRIGUEZ CRUZ MELITON	VIGILANTE-CASA DE HOSPEDAJE SANTA MARIA DE LAS ROSAS
8-74	ROSALES ESQUIVEL MARIA GUADALUPE	SECRETARIA-CASA DE HOSPEDAJE SANTA MARIA DE LAS ROSAS
3-2673	BERNAL FERREYRA MICHELLE	INTENDENTE-INTITUTO DE FORMACIÓN SINDICAL, ACADÉMICA Y CULTURAL DEL MAGISTERIO ESTATAL
5-2143	MARQUEZ ALMEYDA ITZAYANA ALEJANDRA	ADMINISTRATIVO INTITUTO DE FORMACIÓN SINDICAL, ACADÉMICA Y CULTURAL DEL MAGISTERIO ESTATAL
2-2152	PEREZ GONZALEZ ISRAEL	ADMINISTRATIVO-INTITUTO DE FORMACIÓN SINDICAL, ACADÉMICA Y CULTURAL DEL MAGISTERIO ESTATAL
8-1792	PINTOR ARREOLA ZURIEL	VIGILANTE-INTITUTO DE FORMACIÓN SINDICAL, ACADÉMICA Y CULTURAL DEL MAGISTERIO ESTATAL
7-2699	ROMERO JUAREZ NATIVIDAD SANDRA	INTENDENTE-INTITUTO DE FORMACIÓN SINDICAL, ACADÉMICA Y CULTURAL DEL MAGISTERIO ESTATAL
4-1503	ROSALES MARTINEZ MARIO ALBERTO	VIGILANTE-INTITUTO DE FORMACIÓN SINDICAL, ACADÉMICA Y CULTURAL DEL MAGISTERIO ESTATAL
16-2374	SANCHEZ BRAVO JOSE ANTONIO	VIGILANTE-INTITUTO DE FORMACIÓN SINDICAL, ACADÉMICA Y CULTURAL DEL MAGISTERIO ESTATAL
1-8	BRIGIDO HERRERA ALFREDO	VELADOR-TIENDA SINDICAL ACAMBAY
2-37	GUADARRAMA GUZMAN ROSA	VENDEDOR-TIENDA SINDICAL ACAMBAY
97-2742	ESPINOSA MATÍAS RICARDO	VIGILANTE-TIENDA SINDICAL TOLUCA
68-2754	FRANCO FLORES LUZ AIDÉ	ADMINISTRATIVO-TIENDA SINDICAL TOLUCA
96-2438	GONZALEZ RAMIREZ REYNA	SECRETARIA-TIENDA SINDICAL TOLUCA
128 - 2775	FLORES ALVAREZ ALEXIS SALOMON	VIGILANTE-TIENDA SINDICAL TOLUCA
99-2661	RODRIGUEZ DOMINGUEZ ROSA LAURA	INTENDENTE-TIENDA SINDICAL TOLUCA
4-2077	ROMERO REYES ALEJANDRO LEOBARDO	VIGILANTE-TIENDA SINDICAL TOLUCA
2674	VAZQUEZ PEREZ JOSE LUIS	ADMINISTRATIVO-TIENDA SINDICAL TOLUCA
97-2742	GARDUÑO BELTRAN JAIME RAZIEL	VIGILANTE-UNIDAD ACADÉMICA
68-2754	GONZALEZ CARBAJAL SAILA	INTENDENTE-UNIDAD ACADÉMICA
96-2438	GUADARRAMA ORTEGA RICARDO	INTENDENTE-UNIDAD ACADÉMICA
99-2661	VALERO MARTINEZ DAVID ALEJANDRO	VIGILANTE-UNIDAD ACADÉMICA
4-2077	VAZQUEZ CRUZ MARIA DEL ROSARIO	SECRETARIA-UNIDAD ACADÉMICA
7	ANTONIO JUAREZ LUIS ÁNGEL	VELADOR-UNIDAD DEPORTIVA DEL SMSEM                                                       EN EL VALLE DE MÉXICO
4-2542	GONZALEZ VILLALOBOS JAVIER	VELADOR-UNIDAD DEPORTIVA DEL SMSEM                                                                                                         EN EL VALLE DE MÉXICO
3-2391	JUAREZ GUZMAN ABEL	SERVICIOS-UNIDAD DEPORTIVA DEL SMSEM                                                                                                                           EN EL VALLE DE MÉXICO
5-2505	MARTINEZ ROMERO CANDELARIA	INTENDENTE-UNIDAD DEPORTIVA DEL SMSEM                                                                                                           EN EL VALLE DE MÉXICO
8	QUIROZ JIMÉNEZ JOSÉ FELIPE	VIGILANTE-UNIDAD DEPORTIVA DEL SMSEM                                                              EN EL VALLE DE MÉXICO
4-2672	HERREJON HERNANDEZ JUAN LUIS	AUX. GENERAL-CENTRO SOCIAL Y RECREATIVO "PAVORREALES"
2-1873	LOPEZ PONCE MARCIAL	INTENDENTE-CENTRO SOCIAL Y RECREATIVO "PAVORREALES"
1-2589	ALCANTARA FUENTES JAVIER	COCINERO-IXTAMIL
102-2695	ALEGRIA REYES MARISOL	ADMINISTRATIVA-IXTAMIL
10-2590	ALEGRIA SAMANO JOSE LUIS LAURO	SEGURIDAD-IXTAMIL
109	ARIZMENDI ARIZMENDI MARIA YANET	ALBERCAS-IXTAMIL
4-336	ARIZMENDI HONORATO MA DE LA LUZ	CAMARISTA-IXTAMIL
5-616	AVILA JIMENEZ LAURA	CAMARISTA-IXTAMIL
6-505	AYALA ROGEL REYNALDO	INTENDENCIA-IXTAMIL
8-2592	AYON FLORES MARISOL	INTENDENCIA-IXTAMIL
9-1630	BAUTISTA BUENO LAURA	CAMARISTA-IXTAMIL
2-2596	CALVO SOTELO ITZEL HAIDEE	ADMINISTRATIVA-IXTAMIL
11-1895	CANO CELIS FAUSTA FLORICELA	COCINERA-IXTAMIL
12-2597	CANO CELIS LAURA ELENA	LAVATRASTES-IXTAMIL
13-2598	CANO HERNANDEZ DULCE MARIELA	CAMARISTA-IXTAMIL
14-2594	CANO HERNANDEZ LINDA BIBIANA	CAMARISTA-IXTAMIL
15-2595	CASARRUBIAS MARTINEZ MARTHA IRENE	LAVATRASTES-IXTAMIL
16-339	CASTAÑEDA ROSALES OFELIA VIRGINIA	COCINERA-IXTAMIL
17-1906	CHAVEZ RIVERA EMILIANO	COCINERO-IXTAMIL
18-849	CHAVEZ USCANGA MIGUEL ANGEL	ALBERCAS-IXTAMIL
19-2395	CONSUELOS GARDUÑO CRISOFORO	INTENDENCIA-IXTAMIL
20-2599	CONSUELOS RAMIREZ MONSERRAT	LAVANDERA-IXTAMIL
21-2600	CRUZ AGUIRRE DELIA	ALBERCAS-IXTAMIL
22-2482	CRUZ AGUIRRE ERIKA	COCINERA-IXTAMIL
23-2601	CRUZ VILCHIS LUIS ANGEL	MESERO-IXTAMIL
24-1162	DELGADO ESTRADA OTILIA	CAMARISTA-IXTAMIL
26-2481	DIAZ RUIZ NESTOR DANIEL	INTENDENCIA-IXTAMIL
27-2519	DUARTE BALANDRAN LUIS OSCAR	INTENDENCIA-IXTAMIL
28-2602	ESPIRITU LOZOYO CARLOS ALFREDO	INTENDENCIA-IXTAMIL
29-2603	ESTRADA VALORA JOSE DE JESUS	SEGURIDAD-IXTAMIL
30-347	FLORES SANCHEZ JUAN MANUEL	ALMACEN-IXTAMIL
31-	FUENTES ABARCA ROSALIO	ALMACEN-IXTAMIL
108-	FUENTES CANO ANGEL LEOBARDO	INTENDENCIA-IXTAMIL
32-2604	FUENTES CANO ERASTO IMANOL	ALBERCAS-IXTAMIL
33-2605	FUENTES CANO LAURA ESTRELLA	ADMINISTRATIVA-IXTAMIL
34-2154	FUENTES MONTES DE OCA MARCO ANTONIO	ALMACEN-IXTAMIL
35-2606	GARCIA PEREZ HUGO DAVID	MESERO-IXTAMIL
36-2607	GARCIA PEREZ JOSEPHF BARUC	INTENDENCIA-IXTAMIL
106-2696	GARCIA RODRIGUEZ ANGELICA	INTENDENCIA-IXTAMIL
104-	GARCIA RONCES ANALLELY	ADMINISTRATIVA-IXTAMIL
37-407	GARCIA SANCHEZ CARMEN	LAVANDERA-IXTAMIL
38-351	GARCIA SANCHEZ LOURDES	CAMARISTA-IXTAMIL
39-2608	GARCIA SANCHEZ MARIA OLIVIA	LAVATRASTES-IXTAMIL
48-408	GARCIA SANCHEZ TERESA	INTENDENCIA-IXTAMIL
42-2610	GOMEZ GIL ALEJANDRA	MESERA-IXTAMIL
43-1442	GOMEZ GIL ROCIO	ADMINISTRATIVA-IXTAMIL
44-2155	GOMEZ RODRIGUEZ ARACELI ALICIA	LAVANDERA-IXTAMIL
45-2485	GONZALEZ GARCIA ERICK	INTENDENCIA-IXTAMIL
114-	GONZALEZ LEALVA MISAEL	INTENDENCIA-IXTAMIL
46-2611	GUADARRAMA MILLAN REYNALDA GRISELDA	CAMARISTA-IXTAMIL
113-	GUADARRAMA MILLAN TEODORA GUADALUPE	CAMARISTA-IXTAMIL
47-2612	GUTIERREZ COLIN ENRIQUE	SEGURIDAD-IXTAMIL
49-	GUZMAN FUENTES YURIDIANA	ADMINISTRATIVA-IXTAMIL
50-2614	HERNANDEZ AYALA SILVIA ARELI	INTENDENCIA-IXTAMIL
51-352	HERNANDEZ FIGUEROA ALEJANDRA	ADMINISTRATIVA-IXTAMIL
52-2615	HERNANDEZ LOPEZ EDMUNDO	ALBERCAS-IXTAMIL
53-2455	HERNANDEZ PALOMO ANDREA GUADALUPE	LAVANDERA-IXTAMIL
54-2616	HERNANDEZ SANCHEZ CESAR JAVIER	SEGURIDAD-IXTAMIL
55--2617	HERNANDEZ SOTELO DEMECIO LUCAS	INTENDENCIA-IXTAMIL
56-411	HERNANDEZ VARELA EUFROSINA	CAMARISTA-IXTAMIL
57-2618	JIMENEZ LOPEZ FATIMA ITZEL	ADMINISTRATIVA-IXTAMIL
58-412	JUAREZ FLORES LUIS MIGUEL	INTENDENCIA-IXTAMIL
107-	LABRA CASTAÑO DOLORES ANALLELY	INTENDENCIA-IXTAMIL
41-	LABRA VILLAZANA ROSA IMELDA	CAMARISTA-IXTAMIL
60-573	LINARES SERRANO PEDRO ANDRES	INTENDENCIA-IXTAMIL
59-2619	LINARES SERRANO TOMAS	INTENDENCIA-IXTAMIL
61-1222	LOPEZ JIMENES LUCIA CRISTINA	INTENDENCIA-IXTAMIL
62-356	LOPEZ JIMENEZ MARIA EUGENIA	CAMARISTA-IXTAMIL
64-1315	MARTINEZ GORDILLO AZUCENA	CAMARISTA-IXTAMIL
65-2620	MARTINEZ MILLAN SELENA DE JESUS	ADMINISTRATIVA-IXTAMIL
110-	MARTINEZ NAJERA MARIBEL MARISOL	CAMARISTA-IXTAMIL
66-1316	MEJIA BUENO GERARDO	MESERO-IXTAMIL
63-2621	MENDEZ MARCIAL LAURA	COCINERA-IXTAMIL
67-948	MILLAN TRUJILLO RAUL	INTENDENCIA-IXTAMIL
68-2622	MIRANDA HERNANDEZ HERIBERTO	INTENDENCIA-IXTAMIL
69-1214	MOLINA SOTELO MIREYA VICTORIA	LAVANDERA-IXTAMIL
70-414	MONDRAGON LOPEZ MARIA DE LOURDES	ADMINISTRATIVA-IXTAMIL
71-2623	MONTES DE OCA MORALES MARICARMEN	COCINERA-IXTAMIL
72-2624	MORALES CRUZ LESLIE LIZETH	ADMINISTRATIVA-IXTAMIL
73-358	MORALES GOMEZ MARTA	CAMARISTA-IXTAMIL
74-1647	NAJERA VARA EUSEBIO	INTENDENCIA-IXTAMIL
75-2625	NAJERA VARA MARTHA CALIXTA	LAVATRASTES-IXTAMIL
76-2626	OCAMPO SERRANO MA DOLORES	LAVANDERA-IXTAMIL
112-	PEDROZA PEREZ GUSTAVO ALBERTO	INTENDENCIA-IXTAMIL
78-1221	PEREZ RUIZ YADIRA	ADMINISTRATIVA-IXTAMIL
79-2627	PEREZ VILCHIS DIANA ELIZABETH	ADMINISTRATIVA-IXTAMIL
80-2628	QUIROZ HERNANDEZ DOLORES	INTENDENCIA-IXTAMIL
81-1389	QUIROZ HERNANDEZ GLORIA	ALBERCAS-IXTAMIL
82-2630	RIOS PRUDENTE ROXANA CANDELARIA	MESERA-IXTAMIL
83-2629	RIVERA MORALES JOSE JULIAN	JARDINERO-IXTAMIL
84-2631	ROGEL SOTELO MELCHOR	COCINERO-IXTAMIL
85-2632	ROMAN HERNANDEZ ISELA	LAVANDERA-IXTAMIL
86-2633	RONCES DE LA CRUZ BELEN	COCINERA-IXTAMIL
87-2634	ROSAS AVILA LUIS ANGEL	INTENDENCIA-IXTAMIL
88-2412	ROSAS HERNANDEZ NANCY GUADALUPE	INTENDENCIA-IXTAMIL
89-362	RUIZ CAMACHO LETICIA	SEGURIDAD-IXTAMIL
90-2635	SALINAS TORRES RAFAEL	SEGURIDAD-IXTAMIL
91-2636	SANCHEZ GARCIA ARELI	ALBERCAS-IXTAMIL
92-1164	SANCHEZ GARCIA MARIA ISABEL	LAVANDERA-IXTAMIL
93-2637	SANCHEZ ORTIZ RODRIGO	LAVANDERA-IXTAMIL
94-2638	SANTOS VENTURA ROSA MARIA	INTENDENCIA-IXTAMIL
111-	SERRANO MARTINEZ JUAN	INTENDENCIA-IXTAMIL
95-1857	SOLIS NAJERA EFREN	MESERO-IXTAMIL
96-921	SOLIS NAJERA GUADALUPE INES	CAMARISTA-IXTAMIL
98-2639	SOTELO GARCIA MARIO AXEL	MESERO-IXTAMIL
97-2640	SOTELO NAJERA MARIO ALBERTO	SEGURIDAD-IXTAMIL
99-2642	TOVAR SOLIS MARIA ISABEL	CAMARISTA-IXTAMIL
100-2641	TRUJILLO DELGADO DAVID	COCINERO-IXTAMIL
101-417	VARGAS GARCIA MARICELA	LAVANDERA-IXTAMIL
103-2643	VARGAS GUADARRAMA FERNANDO ISIDRO	INTENDENCIA-IXTAMIL
LA PAZ	ÁGUILAR CASTELÁN IVÁN	ODONTOLOGO INTEGRAL-C.Es.O. LA PAZ
PIRAMIDES	ARROYO GODINEZ JAIRO ANTONIO	ODONTOLOGO INTEGRAL-C.Es.O. PIRÁMIDES
31-2223	AVILES BELTRÁN JENIFER CONCEPCIÓN	TECNICO DENTAL-C.Es.O. TOLUCA
ECATEPEC-2079	AZUARA GONZÁLEZ BERENICE	ODONTOLOGA INTEGRAL-C.Es.O. ECATEPEC
ECATEPEC -1363	BELLO COLÍN CAROLINA	ASISTENTE DENTAL -C.Es.O. ECATEPEC
17-2159	BERNAL TRUJILLO IMELDA	TECNICO DENTAL-C.Es.O. TOLUCA
TULTEPEC 1281	CAMPOS ARANDA LIZETH	ASISTENTE DENTAL -C.Es.O. TULTEPEC
	CASTAÑEDA DOMÍNGUEZ XIMENA ALEJANDRA	ADMINISTRATIVO-C.Es.O. TOLUCA
34	CASTRO GONZALEZ CATALINA	ASISTENTE DENTAL -C.Es.O. TOLUCA
ATLACOMULCO	CENTENO ESCOBAR DANY	ODONTOLOGO INTEGRAL-C.Es.O. ATLACOMULCO
5-2080	CERÓN GUTIÉRREZ MIRIAM	SUBDIRECTOR MÉDICO-C.Es.O. TOLUCA
22-126	CHÁVEZ ALCÁNTARA MARÍA DOLORES	ASISTENTE DENTAL -C.Es.O. TOLUCA
6	CORTINA HERNANDEZ MONICA	ADMINISTRATIVO-C.Es.O. TOLUCA
ZUMPANGO-2303	CRUZ ANDUAGA ILIANA INGRID	ODONTOLOGA INTEGRAL-C.Es.O. ZUMPANGO
6-1280	DÍAZ MARTÍNEZ RICARDO	ADMINISTRATIVO-C.Es.O. TOLUCA
6-130	ESQUIVEL NERI VICTORIA	ASISTENTE DENTAL -C.Es.O. SANTIAGO
IXTAPAN	FIGUEROA MILLAN MARLENE GUADALUPE	ODONTOLOGA INTEGRAL-C.Es.O. IXTAPAN
14	FLORES ESTRADA MARIA ISABEL	PERSONAL MANUAL-C.Es.O. TOLUCA
18	FLORES HERNANDEZ SALOMON	PERSONAL MANUAL-C.Es.O. TOLUCA
TULTEPEC-2253	FLORES MARTÍNEZ ELIZABETH GISELA	ODONTOLOGA INTEGRAL-C.Es.O. TULTEPEC
JILOTEPEC	GARCÍA GARCÍA ALICIA MONTSERRAT	ASISTENTE DENTAL -C.Es.O. JILOTEPEC
29-838	GARCÍA LÓPEZ MARTHA ARACELI	ADMINISTRATIVO-C.Es.O. TOLUCA
46	GARCIA PALMA EDDY CESAR	VIGILANTE-C.Es.O. TOLUCA
42-2081	GARCIDUEÑAS GARCIARROJAS DULCE MARIA	ODONTOLOGA INTEGRAL-C.Es.O. TOLUCA
	GÓMEZ HERNÁNDEZ ANA MARÍA	ADMINISTRATIVO-C.Es.O. TOLUCA
47	GONZÁLEZ ARMEAGA ESTEFANIA	ODONTOLOGA INTEGRAL-C.Es.O. TOLUCA
51	GONZÁLEZ GÓMEZ TAGLE CARLOS GERARDO	ENDODONCISTA-C.Es.O. TOLUCA
VALLE DE BRAVO	GONZÁLEZ LÓPEZ MICHELLE	ODONTOLOGA INTEGRAL-C.Es.O. VALLE DE BRAVO
52	GUADARRAMA DE LA CRUZ CRYSTYNA	ODONTOLOGA INTEGRAL-C.Es.O. TOLUCA
44-997	GUERRERO HERNANDEZ YOLANDA	ODONTOLOGA INTEGRAL-C.Es.O. TOLUCA
45-	GUERRERO MARTINEZ OSCAR	VIGILANTE-C.Es.O. TOLUCA
12	HERNÁNDEZ AMAYA BEATRIZ	PERSONAL MANUAL-C.Es.O. TOLUCA
15-137	HERNÁNDEZ CISNEROS ARISTEO IGNACIO	TECNICO DENTAL-C.Es.O. TOLUCA
25	HERNANDEZ ECHEGARAY MIGUEL ANGEL	ORTODONCISTA-C.Es.O. TOLUCA
30-1869	HERNÁNDEZ NAVA SUSANA	ODONTOLOGA INTEGRAL-C.Es.O. TOLUCA
40-1775	HERNANDEZ ROSSANO ERNESTO	ODONTOLOGO INTEGRAL-C.Es.O. TOLUCA
48-2083	HERNANDEZ VARGAS BETSABE EUGENIA	ODONTOPEDIATRIA-C.Es.O TOLUCA
IXTAPALUCA	JAIME SÁNCHEZ MARÍA DE JESÚS	ASISTENTE DENTAL -C.Es.O. IXTAPALUCA
5	JIMÉNEZ ALCÁNTARA DIANA	ODONTOLOGA INTEGRAL-C.Es.O. SANTIAGO
39-2264	LANDA VALLEJO JEAN ISRAEL	PROTESISTA BUCAL-C.Es.O. TOLUCA
38-141	LARA GUTIERREZ NANCY ANGELICA	ASISTENTE DENTAL -C.Es.O. TOLUCA
NAUCALPAN	LÓPEZ TRIGUEROS EDUARDO	ODONTOLOGO INTEGRAL-C.Es.O. NAUCALPAN
7	LOZA VALDES MAGDALENA ELISA	ADMINISTRATIVO-C.Es.O. TOLUCA
ZUMPANGO-2303	MARTINEZ JANDETTE CLARA MONSERRAT	ASISTENTE DENTAL -C.Es.O. ZUMPANGO
CHALCO	MARTÍNEZ MIRANDA JETHZABEL MARLENE	ODONTOLOGA INTEGRAL-C.Es.O. CHALCO
TEXCOCO	MARTINEZ MORALES JACIEL JAIR	ASISTENTE DENTAL -C.Es.O. TEXCOCO
LA PAZ	MEJÍA VELASCO DULCE MONTSERRAT	ASISTENTE DENTAL -C.Es.O. LA PAZ
20	MELIN CASIANO SOFIA ODET	ASISTENTE DENTAL -C.Es.O. TOLUCA
IXTAPAN	MÉNEZ GONZÁLEZ MELISANDE ELIZABETH	ASISTENTE DENTAL -C.Es.O. IXTAPAN
TEJUPILCO	MILLÁN JERÓNIMO IRENE	ASISTENTE DENTAL -C.Es.O. TEJUPILCO
ATLACOMULCO	MOLINA LUCAS PAOLA	ASISTENTE DENTAL -C.Es.O. ATLACOMULCO
28-1776	MORALES GARCIA SANDRA CAYETANA	ODONTOLOGA INTEGRAL-C.Es.O. TOLUCA
43-2085	MURILLO GONZALEZ LORENA	ODONTOLOGA INTEGRAL-C.Es.O. TOLUCA
NAUCALPAN	NAVARRO RODRÍGUEZ REGINA	ASISTENTE DENTAL -C.Es.O. NAUCALPAN
PIRÁMIDES-2254	ORTEGA NAVARRO LAURA MERCEDES	ASISTENTE DENTAL -C.Es.O. PIRÁMIDES
9-2295	PASCUAL MARTÍNEZ VIVIANA MONTSERRAT	ASISTENTE DENTAL -C.Es.O. TOLUCA
IXTAPALUCA-2259	PÉREZ VÁZQUEZ ANA GRACIELA	ODONTOLOGA INTEGRAL-C.Es.O. IXTAPALUCA
32	PULIDO GONZÁLEZ SALVADOR RENÉ	TECNICO DENTAL-C.Es.O. TOLUCA
CHALCO	RAMIREZ GUADARRAMA GABRIELY ALEJANDRA	ASISTENTE DENTAL -C.Es.O. CHALCO
27	REYNOSO GÓMEZ PAULA STEPHANIE	ODONTOPEDIATRIA-C.Es.O TOLUCA
16-155	RIVERA MELO SÁNCHEZ LUZ TAMARA	TECNICO DENTAL-C.Es.O. TOLUCA
50-2086	RODRIGUEZ FLORES JOSÉ ALBERTO	CIRUJANO MAXILOFACIAL-C.Es.O. TOLUCA
2	RODRIGUEZ GONZALEZ IVETTE	ASISTENTE DENTAL -C.Es.O. TOLUCA
4	RODRIGUEZ GONZALEZ YESENIA	ASISTENTE DENTAL -C.Es.O. TOLUCA
19-157	ROJAS LÓPEZ ROSA ISELA	ASISTENTE DENTAL -C.Es.O. TOLUCA
23-158	SÁENZ JAIMES RAÚL	ASISTENTE DENTAL -C.Es.O. TOLUCA
41-2291	SALGADO SALGADO AARÓN	ODONTOLOGO INTEGRAL-C.Es.O. TOLUCA
13-2296	SÁNCHEZ ANGELES DELIA	PERSONAL MANUAL-C.Es.O. TOLUCA
18-161	SÁNCHEZ HERNÁNDEZ LEON	TECNICO DENTAL-C.Es.O. TOLUCA
9	SANMARTIN MOLINA EDWIN SAIR	ODONTOLOGO INTEGRAL-C.Es.O. TEXCOCO
25	SOLIS CONTRERAS ADRIANA	ASISTENTE DENTAL -C.Es.O. TOLUCA
37-645	SOTO GOMEZ MA. MARTHA RAQUEL	ENDODONCISTA-C.Es.O. TOLUCA
21-800	TERRON ROLDAN MARINA	ASISTENTE DENTAL -C.Es.O. TOLUCA
49	TORRES ROMERO EDGAR	VIGILANTE-C.Es.O. TOLUCA
JILOTEPEC	TREJO MALDONADO TENESY	ODONTOLOGA INTEGRAL-C.Es.O. JILOTEPEC
TEJUPILCO	VARELA VILLAFRANCA ANA CRISTINA	ODONTOLOGA INTEGRAL-C.Es.O. TEJUPILCO
VALLE DE BRAVO	VELÁZQUEZ COLÍN ROBERTO CARLOS	ASISTENTE DENTAL -C.Es.O. VALLE DE BRAVO
35	ZEPEDA GARCIA KARLA PAMELA	ORTODONCISTA-C.Es.O. TOLUCA
489	CHIM IUIT ERMILO	INTENDENTE-CASA DE DESCANSO DE LA UNIDAD SINDICAL                                                                    SMSEM-BARRA DE COYUCA
2326	DE JESUS SALAZAR MARISOL	COCINERA-CASA DE DESCANSO DE LA UNIDAD SINDICAL                                                                    SMSEM-BARRA DE COYUCA
2325	GALEANA MARTINEZ JOSE ANTONIO	INTENDENTE-CASA DE DESCANSO DE LA UNIDAD SINDICAL                                                                    SMSEM-BARRA DE COYUCA
2550	MARTINEZ DE JESUS KARINA	LAVANDERA-CASA DE DESCANSO DE LA UNIDAD SINDICAL                                                                    SMSEM-BARRA DE COYUCA
2328	OJENDIZ VAZQUEZ GREGORIO ELIJIO	INTENDENTE-CASA DE DESCANSO DE LA UNIDAD SINDICAL                                                                    SMSEM-BARRA DE COYUCA
2540	SOTO DE LOS SANTOS JOSE FRANCISCO	VELADOR-CASA DE DESCANSO DE LA UNIDAD SINDICAL                                                                    SMSEM-BARRA DE COYUCA
1	AGUILAR HUERTOS EDGAR IVAN	JARDINERO-CENTRO SOCIAL Y RECREATIVO DE LA UNIDAD SINDICAL SMSEM SOR JUANA INÉS DE LA CRUZ
29	ALLALA MONTAÑEZ SILVIA FERNANDA	RECAMARISTA-CENTRO SOCIAL Y RECREATIVO DE LA UNIDAD SINDICAL SMSEM SOR JUANA INÉS DE LA CRUZ
2	AMARO CADENA JUAN ALBERTO	VIGILANTE-CENTRO SOCIAL Y RECREATIVO DE LA UNIDAD SINDICAL SMSEM SOR JUANA INÉS DE LA CRUZ
3	AMARO CADENA ZENON	LAVATRASTE-CENTRO SOCIAL Y RECREATIVO DE LA UNIDAD SINDICAL SMSEM SOR JUANA INÉS DE LA CRUZ
41	ANDRADE VILLAFUERTE MARGARITA	COCINERA-CENTRO SOCIAL Y RECREATIVO DE LA UNIDAD SINDICAL SMSEM SOR JUANA INÉS DE LA CRUZ
43	AVILA MUÑOZ DULCE VALERIA	RECEPCIONISTA-CENTRO SOCIAL Y RECREATIVO DE LA UNIDAD SINDICAL SMSEM SOR JUANA INÉS DE LA CRUZ
30	CASTRO NIEVA ALMA LAURA	JARDINERO-CENTRO SOCIAL Y RECREATIVO DE LA UNIDAD SINDICAL SMSEM SOR JUANA INÉS DE LA CRUZ
6	CASTRO NIEVA DIANA ELIZABETH	RECEPCIONISTA-CENTRO SOCIAL Y RECREATIVO DE LA UNIDAD SINDICAL SMSEM SOR JUANA INÉS DE LA CRUZ
7	CORTES SILVA ANDREA	COCINERA-CENTRO SOCIAL Y RECREATIVO DE LA UNIDAD SINDICAL SMSEM SOR JUANA INÉS DE LA CRUZ
8	DE LOS SANTOS GARCIA JAVIER	INTENDENTE-CENTRO SOCIAL Y RECREATIVO DE LA UNIDAD SINDICAL SMSEM SOR JUANA INÉS DE LA CRUZ
9	FLORES MELENDEZ MARIA OFELIA	RECAMARISTA-CENTRO SOCIAL Y RECREATIVO DE LA UNIDAD SINDICAL SMSEM SOR JUANA INÉS DE LA CRUZ
10	GALLEGOS DIAZ JOSEFINA	MESERA-CENTRO SOCIAL Y RECREATIVO DE LA UNIDAD SINDICAL SMSEM SOR JUANA INÉS DE LA CRUZ
11	HUERTA VILLALVA MARIA DEL CARMEN	RECAMARISTA-CENTRO SOCIAL Y RECREATIVO DE LA UNIDAD SINDICAL SMSEM SOR JUANA INÉS DE LA CRUZ
12	IBAÑEZ MAYA FERNANDO	VIGILANTE-CENTRO SOCIAL Y RECREATIVO DE LA UNIDAD SINDICAL SMSEM SOR JUANA INÉS DE LA CRUZ
28	IBARRA ROMUALDO JORGE	ALBERQUERO-CENTRO SOCIAL Y RECREATIVO DE LA UNIDAD SINDICAL SMSEM SOR JUANA INÉS DE LA CRUZ
13	LIMA BAUTISTA JAVIER	VIGILANTE-CENTRO SOCIAL Y RECREATIVO DE LA UNIDAD SINDICAL SMSEM SOR JUANA INÉS DE LA CRUZ
31	LOPEZ ANDRADE EMMANUEL	INTENDENTE-CENTRO SOCIAL Y RECREATIVO DE LA UNIDAD SINDICAL SMSEM SOR JUANA INÉS DE LA CRUZ
27	MARTINEZ FLORES OSCAR	VIGILANTE-CENTRO SOCIAL Y RECREATIVO DE LA UNIDAD SINDICAL SMSEM SOR JUANA INÉS DE LA CRUZ
14	MARTINEZ ROMERO ANGELICA	RECAMARISTA-CENTRO SOCIAL Y RECREATIVO DE LA UNIDAD SINDICAL SMSEM SOR JUANA INÉS DE LA CRUZ
15	MARTINEZ SILVA LETICIA	LAVANDERA-CENTRO SOCIAL Y RECREATIVO DE LA UNIDAD SINDICAL SMSEM SOR JUANA INÉS DE LA CRUZ
16	MARTINEZ VELAZQUEZ APOLONIO	ALMACENISTA-CENTRO SOCIAL Y RECREATIVO DE LA UNIDAD SINDICAL SMSEM SOR JUANA INÉS DE LA CRUZ
17	MARTINEZ VILLANUEVA VERONICA	RECAMARISTA-CENTRO SOCIAL Y RECREATIVO DE LA UNIDAD SINDICAL SMSEM-SOR JUANA INÉS DE LA CRUZ
18	PALMA CARRILLO ELVIA	RECAMARISTA-CENTRO SOCIAL Y RECREATIVO DE LA UNIDAD SINDICAL SMSEM SOR JUANA INÉS DE LA CRUZ
19	PERALTA VARGAS ROCIO INES	COCINERA-CENTRO SOCIAL Y RECREATIVO DE LA UNIDAD SINDICAL SMSEM SOR JUANA INÉS DE LA CRUZ
20	RODRIGUEZ ARRELLANO MA DE LOURDES	LAVANDERA-CENTRO SOCIAL Y RECREATIVO DE LA UNIDAD SINDICAL SMSEM SOR JUANA INÉS DE LA CRUZ
21	SILVA CRUZ FERNANDO ADRIAN	INTENDENTE-CENTRO SOCIAL Y RECREATIVO DE LA UNIDAD SINDICAL SMSEM SOR JUANA INÉS DE LA CRUZ
22	SILVA CRUZ JESUS	INTENDENTE-CENTRO SOCIAL Y RECREATIVO DE LA UNIDAD SINDICAL SMSEM SOR JUANA INÉS DE LA CRUZ
23	VALENCIA ALVAREZ FABRICIO	MESERO-CENTRO SOCIAL Y RECREATIVO DE LA UNIDAD SINDICAL SMSEM SOR JUANA INÉS DE LA CRUZ
24	VALENCIA BERNAL JUAN CARLOS	JARDINERO-CENTRO SOCIAL Y RECREATIVO DE LA UNIDAD SINDICAL  SMSEM SOR JUANA INÉS DE LA CRUZ
25	VALENCIA LOZADA MIGUEL	MESERO-CENTRO SOCIAL Y RECREATIVO DE LA UNIDAD SINDICAL SMSEM SOR JUANA INÉS DE LA CRUZ
26	VALENCIA MARIN FABIAN	ADMINISTRATIVO-CENTRO SOCIAL Y RECREATIVO DE LA UNIDAD SINDICAL  SMSEM SOR JUANA INÉS DE LA CRUZ
13-2171	ALVAREZ LUIS MARIA MERCEDES	INTENDENTE-CREHA
9-2562	BAHENA VEGA KENYA ITZEL	FISIOTERAPEUTA-CREHA
33-2563	BALTAZAR HERNANDEZ XOCHIQUETZALI	TERAPEUTA OCUPACIONAL-CREHA
2-2517	CONTRERAS MARTINEZ LUIS ALBERTO	SUPERVISOR DE AREAS Y ADMINISTRATIVO-CREHA
4-2468	GALVAN VALDES SERGIO	COORDINADOR OPERATIVO Y ADMINISTRATIVO-CREHA
24	GARCIA GALVAN MATILDE	PSICOLOGO-CREHA
5-2525	GONZALEZ LEMUS MARTHA ELENA	RADIOLOGO-CREHA
26-2568	GONZALEZ RODRIGUEZ LORENA	TERAPEUTA DE LENGUAJE-CREHA
8-2520	GUTIERREZ DE LA CRUZ AIRELY	MÉDICO ESPECIALISTA EN REHABILITACIÓN-CREHA
34-2532	HURTADO PERALTA RAUL	VIGILANTE-CREHA
11-2523	IGLESIAS GARDUÑO ANDRES ARTURO	INTENDENTE-CREHA
12-2587	IGLESIAS GARDUÑO MARIA DEL CARMEN	INTENDENTE-CREHA
10-2352	MORALES LOPEZ JOSE ARNULFO	AUX SUPERVISOR DE AREAS-CREHA
35-2548	ORTEGA TRUJILLO TANIA	PSICOLOGO-CREHA
37-2705	RAMIREZ VELAZQUEZ LIZET	CAJERA-CREHA
6	RODRIGUEZ MIRANDA LUZ DEL CARMEN	TERAPEUTA OCUPACIONAL-CREHA
31-2528	RUBI VASQUEZ ALBA ALONDRA	TERAPEUTA FÍSICA-CREHA
14-2564	SANCHEZ PINEDA CARLOS OCTAVIO	FISIOTERAPEUTA-CREHA
23-2052	TEMAHUAY ENCASTIN APOLINAR ANTONIO	VIGILANTE-CREHA
7-2553	ZAMORA VILLANUEVA OMAR	VIGILANTE-CREHA
13	ARRIAGA VELAZQUEZ ANA CECILIA	COCINERA
15	BERMEO GONZALEZ DIEGO	GUARDIA DE SEGURIDAD
7	COLIN RODRIGUEZ MONSERRAT	CAMARISTA
17	CRUZ GARCIA ANGEL MANUEL	GUARDIA DE SEGURIDAD
21	CRUZ GARCIA URIEL	GUARDIA DE SEGURIDAD
4	ESCUTIA TRINIDAD  KENIA YADIRA	RECEPCION
37	ESTRADA CORANGUEZ CARLOS ALBERTO	GUARDIA DE SEGURIDAD
39	ESTRADA ESTRADA PABLO	INTENDENCIA
40	ESTRADA VARGAS REYNA	COCINERA
9	GARCIA VARGAS MIRIAM	CAMARISTA
35	GARDUÑO COLÍN PERLA	AYUDANTE DE COCINA
22	GUADARRAMA CRUZ EMIR VICENTE	GUARDIA DE SEGURIDAD
24	JUAN FRANCISCO HERNADEZ MARTINEZ	INTENDENCIA
12	LEON ESCOBAR ALEJANDRO	JARDINERO
10	LEON ESCOBAR FERNANDO	JARDINERO
32	LEÓN SOTELO DAVID	JARDINERO
6	MARTINEZ MARTÍNEZ OLGA	CAMARISTA
19	MEDINA BARBOSA GUADALUPE	AYUDANTE DE COCINA
18	PEREZ FRÍAS JUAN CARLOS	GUARDIA DE SEGURIDAD
23	PONCIANO TRIGUEROS JOVANNI	JARDINERO
16	QUINTERO ESTRADA AMELIA	CAMARISTA
3	SALGADO REYNOSO EUNICE DANAE	RECEPCION
36	SILVA GARDUÑO YARETZI	CAMARISTA
5	TREVIÑO SANCHEZ  GABRIELA	LAVANDERIA
